Date,Open_Gold,High_Gold,Low_Gold,Close_Gold,Volume_Gold,Open_BTC,High_BTC,Low_BTC,Close_BTC,Volume_BTC,Open_SP500,High_SP500,Low_SP500,Close_SP500,Volume_SP500,YearMonth,Close_Gold_Return,Close_BTC_Return,Close_SP500_Return,P_I,EU_H,C_H,SO_I,CFNAI,CFNAI_MA3,DIFFUSION,GDP
2014-11-30,112.38999938964844,115.95999908447266,109.66999816894531,112.11000061035156,147594200,325.5690002441406,457.0929870605469,325.0769958496094,376.4469909667969,510335700,167.24728455385375,172.1756159923443,165.70668279030542,171.62066650390625,1571091800,2014-11,-0.00488197260677703,0.11269171863187633,0.02747235831974537,0.29,0.05,-0.05,-0.02,0.27,0.11,0.12,5970.693
2014-12-31,113.80000305175781,118.98999786376953,112.41000366210938,113.58000183105469,153722200,378.2489929199219,384.0379943847656,304.23199462890625,320.1929931640625,442700500,170.9580040700121,176.3998521305279,163.884456028693,171.185302734375,3045171000,2014-12,0.013112132840068735,-0.14943404822618456,-0.0025367793891031276,-0.07,0.13,-0.06,0.07,0.07,0.12,0.15,5970.693
2015-01-31,112.48999786376953,125.58000183105469,112.31999969482422,123.44999694824219,198034100,314.0790100097656,315.8389892578125,171.50999450683594,226.4250030517578,814700262,171.88492806315838,172.30135631201117,165.3636188518928,166.1132049560547,3183506000,2015-01,0.08689905756357263,-0.29284835119505337,-0.029629282989268035,-0.22,0.05,-0.03,-0.06,-0.26,0.03,0.1,6021.176333333333
2015-02-28,121.83999633789062,123.16000366210938,114.29000091552734,116.16000366210938,125686200,226.49099731445312,256.65301513671875,214.72500610351562,253.8280029296875,463441700,166.61294208106668,176.7654587177534,164.7889843486941,175.4495849609375,1901638100,2015-02,-0.05905219494812319,0.12102461966917022,0.05620492366848717,-0.28,0.06,-0.14,-0.12,-0.48,-0.22,-0.06,6021.176333333333
2015-03-31,116.5,116.63999938964844,109.7699966430664,113.66000366210938,133483100,260.35699462890625,300.04400634765625,236.51499938964844,244.2239990234375,786099900,175.54945869380066,176.6155137945485,170.23584684804493,172.69400024414062,2749923000,2015-03,-0.021522037888980217,-0.03783666024000665,-0.015705849161229857,0.01,-0.05,-0.05,0.1,0.0,-0.25,-0.12,6021.176333333333
2015-04-30,114.55999755859375,117.47000122070312,112.7699966430664,113.47000122070312,106636600,244.22300720214844,261.7980041503906,216.322998046875,236.14500427246094,517434900,172.66053592745126,177.75525681735834,171.0877724623,174.39222717285156,2036685200,2015-04,-0.0016716737223684275,-0.033080265589301217,0.009833734387472148,-0.15,0.1,-0.04,0.08,-0.01,-0.16,-0.03,6093.261333333333
2015-05-31,112.41999816894531,117.87999725341797,112.27999877929688,114.0999984741211,99097100,235.93899536132812,246.27499389648438,228.572998046875,237.0959930419922,410693100,175.1785836674225,178.84277042581908,172.9700492540649,176.63427734375,1892519900,2015-05,0.005552104050766671,0.004027139055772677,0.012856365259193536,-0.1,0.05,-0.05,-0.24,-0.34,-0.12,-0.04,6093.261333333333
2015-06-30,115.0199966430664,115.61000061035156,111.56999969482422,112.37000274658203,110267600,230.23300170898438,267.86700439453125,221.29600524902344,263.0719909667969,513023900,177.30354693947538,178.7123797071612,172.56730529543208,173.04647827148438,2535242600,2015-06,-0.015162101232906178,0.10955899166209893,-0.020312020555802834,-0.16,0.04,-0.06,0.04,-0.13,-0.16,-0.16,6093.261333333333
2015-07-31,112.12000274658203,112.58000183105469,103.43000030517578,104.93000030517578,157498100,263.3450012207031,310.947998046875,254.11599731445312,284.6499938964844,746352900,174.62686185969085,179.2083636395126,171.58374730199034,176.95541381835938,2452758000,2015-07,-0.06620986259282224,0.08202318631636807,0.022588934406064354,0.2,0.16,-0.02,-0.01,0.34,-0.05,-0.09,6133.875333333333
2015-08-31,104.58999633789062,112.12000274658203,103.77999877929688,108.81999969482422,151171700,282.8059997558594,285.7149963378906,199.56700134277344,230.05599975585938,658946800,176.92183924293758,177.63638391807518,153.33336702446235,166.16995239257812,3734926900,2015-08,0.03707232801234017,-0.19179341405669803,-0.06095016362060712,-0.12,-0.05,-0.06,-0.06,-0.28,-0.03,-0.16,6133.875333333333
2015-09-30,109.62999725341797,110.81999969482422,105.2699966430664,106.86000061035156,113791100,230.25599670410156,259.1820068359375,225.11700439453125,236.05999755859375,444783900,162.34501999052893,170.55815460660517,157.95846627649064,161.9299774169922,3279512900,2015-09,-0.01801138660144541,0.026097984008702113,-0.025515894507624037,-0.18,-0.01,-0.05,0.12,-0.12,-0.02,-0.08,6133.875333333333
2015-10-31,106.9800033569336,113.98999786376953,106.62999725341797,109.30000305175781,131532500,236.00399780273438,334.16900634765625,235.61599731445312,328.0150146484375,705166300,162.31022476572141,176.97965312379102,159.80897972311539,175.70367431640625,2536184400,2015-10,0.022833636790845047,0.3895408711381483,0.08505958636642608,-0.18,0.08,-0.09,-0.07,-0.26,-0.22,-0.28,6145.045666666666
2015-11-30,108.63999938964844,108.83999633789062,100.98999786376953,101.91999816894531,106869000,325.9419860839844,495.56201171875,300.99700927734375,377.3210144042969,1714383696,176.0332986664523,178.85557888312954,170.84491987236925,176.345947265625,1924512800,2015-11,-0.06752062833262484,0.15031628905373418,0.003655432657954316,-0.24,0.02,-0.03,-0.11,-0.36,-0.24,-0.26,6145.045666666666
2015-12-31,102.30000305175781,104.20999908447266,100.2300033569336,101.45999908447266,124503700,377.41400146484375,465.3210144042969,349.4649963378906,430.5669860839844,1433048400,176.97967233758436,178.29790896123305,168.96051978170368,173.29818725585938,2924882300,2015-12,-0.004513334897339294,0.14111583942323125,-0.017282846909857597,-0.22,0.07,-0.03,-0.12,-0.3,-0.3,-0.33,6145.045666666666
2016-01-31,103.12999725341797,107.93000030517578,102.48999786376953,106.94999694824219,139712800,430.0610046386719,462.9339904785156,364.33099365234375,379.4739990234375,1417270704,170.42511913425164,171.6236445025089,153.87472097718344,164.67034912109375,3712950900,2016-01,0.05410997351969926,-0.1186644325084899,-0.04978608415578745,0.1,0.08,-0.07,-0.03,0.08,-0.19,-0.23,6175.311000000001
2016-02-29,107.54000091552734,120.83999633789062,107.3499984741211,118.63999938964844,314968700,369.3500061035156,441.5069885253906,367.9570007324219,437.6969909667969,1300721296,163.65875021815668,167.1863729757832,153.9342330100932,164.53428649902344,2920730800,2016-02,0.10930343875618398,0.15343078074701855,-0.0008262727491411548,-0.21,-0.06,0.03,0.01,-0.23,-0.15,-0.19,6175.311000000001
2016-03-31,118.73999786376953,122.37000274658203,116.16000366210938,117.63999938964844,259670200,437.9169921875,439.65301513671875,406.1369934082031,416.72900390625,1666408892,165.7668246834611,176.7553691428277,165.2908028397944,175.601806640625,2323306500,2016-03,-0.008428860461434318,-0.0479052575029868,0.06726573759851107,-0.23,0.02,-0.13,-0.01,-0.35,-0.17,-0.23,6175.311000000001
2016-04-30,116.08000183105469,123.93000030517578,115.0,123.6500015258789,222989100,416.760009765625,467.9649963378906,415.83099365234375,455.09698486328125,1324943904,174.60220924799964,180.21574483428532,173.52562904686135,176.2938995361328,1910635600,2016-04,0.051088083708025867,0.09206937985449826,0.003941262955934111,-0.01,-0.03,-0.05,-0.02,-0.1,-0.23,-0.3,6237.234
2016-05-31,123.77999877929688,123.95999908447266,115.29000091552734,116.05999755859375,201083100,451.9330139160156,546.6179809570312,437.3890075683594,531.385986328125,1549055592,176.7980090773969,180.01917567392854,173.2607293433825,179.29290771484375,1828530900,2016-05,-0.06138296703293311,0.16763240364636167,0.017011412116936464,-0.12,-0.01,-0.06,-0.16,-0.35,-0.27,-0.42,6237.234
2016-06-30,115.97000122070312,127.05000305175781,115.19999694824219,126.47000122070312,307601400,531.1069946289062,775.3560180664062,525.635986328125,673.3369750976562,3601677364,178.67780134610513,181.58288382478648,170.61460460455987,179.91619873046875,2612406900,2016-06,0.08969501879279118,0.26713348191662334,0.0034763841111680183,0.09,0.03,0.0,0.01,0.12,-0.11,-0.21,6237.234
2016-07-31,127.66000366210938,131.14999389648438,125.11000061035156,128.97999572753906,259546000,672.5150146484375,686.1539916992188,611.833984375,656.9920043945312,2375515400,179.9161623213059,186.83865978393325,177.83765678457772,186.47793579101562,1648453700,2016-07,0.01984656031160892,-0.024274577674506026,0.03647107434932506,-0.02,0.13,-0.03,-0.04,0.04,-0.06,-0.15,6297.546333333333
2016-08-31,128.57000732421875,130.5500030517578,124.63999938964844,124.77999877929688,215783900,624.6019897460938,626.1190185546875,531.333984375,575.4719848632812,2189009684,186.5380513253309,188.6079565923965,184.0130157835146,186.70127868652344,1519703200,2016-08,-0.03256316550912575,-0.12408068741472278,0.0011976907324742214,-0.14,-0.08,-0.06,0.08,-0.2,-0.01,-0.08,6297.546333333333
2016-09-30,124.66999816894531,129.0800018310547,124.55000305175781,125.63999938964844,213473800,575.5460205078125,628.77001953125,570.8109741210938,609.7349853515625,1391213104,186.6926730467937,188.28156483432502,182.3467972997933,186.7121124267578,2292393000,2016-09,0.006892135107908315,0.05953895478755822,5.8027134632432364e-05,-0.03,0.03,-0.06,-0.02,-0.08,-0.08,-0.18,6297.546333333333
2016-10-31,125.31999969482422,125.45999908447266,118.41999816894531,121.94000244140625,181298100,610.968017578125,709.2890014648438,609.47900390625,700.9719848632812,1490457108,186.2977193199075,187.057313402912,182.31839605443074,183.47508239746094,1725687400,2016-10,-0.02944919584699579,0.14963386012549873,-0.01733701144089772,-0.05,0.0,-0.04,0.03,-0.05,-0.11,-0.26,6363.126333333334
2016-11-30,122.80000305175781,124.76000213623047,111.5,111.75,247890600,701.3369750976562,755.64501953125,678.156005859375,745.6909790039062,1918970200,183.80308109026288,191.47701653169193,179.87545761968195,190.23399353027344,2073824400,2016-11,-0.08356570639157301,0.06379569384552086,0.03683830547720213,-0.14,0.06,-0.07,-0.06,-0.21,-0.12,-0.21,6363.126333333334
2016-12-31,111.11000061035156,112.5,107.0,109.61000061035156,159862800,746.0460205078125,979.39697265625,746.0460205078125,961.2379760742188,2671689800,190.5360717031904,197.10507853827684,189.17220024031678,194.09036254882812,1821910200,2016-12,-0.019149882681417818,0.2890567314603163,0.020271713519702805,0.14,0.05,0.04,0.18,0.4,0.04,-0.04,6363.126333333334
2017-01-31,109.62000274658203,116.16999816894531,109.37000274658203,115.55000305175781,150545100,1021.5999755859375,1191.0999755859375,755.7559814453125,970.4030151367188,3731352272,195.40147960030797,199.45642179806757,194.39426551796575,197.56358337402344,1482408500,2017-01,0.05419215772584596,0.009534620240380987,0.01789486494632908,-0.07,-0.01,-0.06,0.04,-0.11,0.03,0.03,6426.694666666666
2017-02-28,114.66000366210938,120.4000015258789,114.13999938964844,119.2300033569336,150265000,970.9409790039062,1200.3900146484375,946.6909790039062,1179.969970703125,3301276408,197.56354959104303,206.05549263177696,196.94707812252918,205.32618713378906,1365136600,2017-02,0.031847686784806095,0.21595868139061847,0.03929167322840876,-0.14,0.13,-0.05,-0.03,-0.09,0.07,0.08,6426.694666666666
2017-03-31,117.9800033569336,120.08000183105469,114.0199966430664,118.72000122070312,172556100,1180.0400390625,1280.31005859375,934.3579711914062,1071.7900390625,8277141936,206.99329369102657,208.66911356706737,201.98109872423396,205.582763671875,1921474100,2017-03,-0.00427746474772539,-0.09168024129983776,0.0012496045519938548,0.05,0.05,-0.04,-0.05,0.01,-0.06,-0.08,6426.694666666666
2017-04-30,118.69000244140625,123.06999969482422,118.4000015258789,120.7699966430664,176157400,1102.949951171875,1331.280029296875,1102.949951171875,1316.47998046875,6516263088,205.6350956584031,208.88794450074894,202.76596069335938,207.62342834472656,1549613700,2017-04,0.01726748147982482,0.2283002570356798,0.009926243992461448,0.36,0.11,-0.05,-0.09,0.33,0.08,0.06,6479.547666666666
2017-05-31,120.20999908447266,121.2300033569336,115.55999755859375,120.62000274658203,160072400,1348.300048828125,2763.7099609375,1348.300048828125,2286.409912109375,25631024960,208.14666748046875,211.1117117166761,205.31244366367815,210.55360412597656,1492547000,2017-05,-0.0012419798017191397,0.7367601072788579,0.014112934193461601,0.0,0.0,-0.07,0.07,0.0,0.11,0.09,6479.547666666666
2017-06-30,120.16999816894531,123.30999755859375,117.91000366210938,118.0199966430664,160832400,2288.330078125,2999.909912109375,2212.9599609375,2480.840087890625,32979760960,211.01575342548307,214.46348131627227,210.283431889071,211.89584350585938,1572753000,2017-06,-0.02155534773928114,0.08503732193929925,0.006374810754033566,0.0,0.12,0.01,0.03,0.16,0.16,0.18,6479.547666666666
2017-07-31,116.54000091552734,120.86000061035156,114.80000305175781,120.75,128516200,2498.56005859375,2916.139892578125,1932.6199951171875,2875.340087890625,22853457024,212.84227962444552,217.3290548642977,210.61639577244307,216.2511749267578,1055908800,2017-07,0.02313170169958645,0.15901871383230914,0.020554114459437223,-0.13,0.02,-0.04,-0.01,-0.17,0.0,-0.01,6564.198333333334
2017-08-31,120.44000244140625,125.87000274658203,118.97000122070312,125.81999969482422,179580900,2871.300048828125,4736.0498046875,2668.590087890625,4703.39013671875,46983946880,216.85588531838303,218.12656591973817,211.92216978372596,216.88217163085938,1557031500,2017-08,0.04198757511241591,0.6357682892979797,0.0029178879805635827,-0.14,0.07,-0.08,0.14,-0.01,-0.01,-0.02,6564.198333333334
2017-09-30,126.01000213623047,128.32000732421875,121.55000305175781,121.58000183105469,174234300,4701.759765625,4892.009765625,2946.6201171875,4163.06982421875,39031840128,217.2589505258716,221.33152936465626,214.65630477556783,221.25225830078125,1286405100,2017-09,-0.03369891808976022,-0.11487890580919291,0.0201495892311514,0.01,0.08,0.02,0.08,0.19,0.0,-0.03,6564.198333333334
2017-10-31,121.16999816894531,123.97000122070312,119.77999877929688,120.66999816894531,137821900,4395.81005859375,6470.43017578125,4164.0498046875,6468.39990234375,42430590080,221.48119556505637,227.11755700571842,221.30504962774958,226.46578979492188,1320624600,2017-10,-0.007484813689786707,0.5537572453658335,0.02356374363896019,0.41,0.05,-0.03,0.11,0.54,0.24,0.18,6679.029333333333
2017-11-30,120.9800033569336,123.33000183105469,120.18000030517578,121.0999984741211,121999200,6440.97021484375,11517.400390625,5844.2900390625,10233.599609375,101145440256,227.24963143220214,234.3038230799093,225.12721548636048,233.387939453125,1365620900,2017-11,0.003563440057186007,0.5820913616777115,0.03056598378267883,0.05,0.05,0.01,0.12,0.23,0.32,0.32,6679.029333333333
2017-12-31,120.94000244140625,124.08999633789062,117.4000015258789,123.6500015258789,145856700,10198.599609375,19371.0,9694.650390625,14656.2001953125,283277986304,233.16779865150122,237.75868290837326,229.64509446580624,236.2184295654297,1715222900,2017-12,0.021057003170010358,0.432164707898671,0.012127833678711397,0.03,0.04,0.01,0.14,0.21,0.33,0.31,6679.029333333333
2018-01-31,124.66000366210938,129.50999450683594,124.0999984741211,127.6500015258789,184868100,13625.0,17705.19921875,9402.2900390625,10221.099609375,297507047936,237.0859709824565,253.7183931184401,236.69649066778442,249.5315704345703,1985506700,2018-01,0.03234937283169237,-0.30260917064683523,0.0563594504189735,-0.04,0.1,-0.09,-0.2,-0.23,0.07,0.08,6776.184333333334
2018-02-28,127.18000030517578,128.6999969482422,124.38999938964844,125.0,176366400,10237.2998046875,11958.5,6048.259765625,10397.900390625,163795440640,248.79688405027753,250.55837889747363,223.879097946087,240.45838928222656,2923722000,2018-02,-0.020759902030566435,0.01729762824029568,-0.03636085460666316,0.16,0.21,-0.03,0.12,0.46,0.15,0.14,6776.184333333334
2018-03-31,124.1500015258789,128.5800018310547,123.58000183105469,125.79000091552734,143350600,10385.0,11704.099609375,7081.3798828125,7165.7001953125,137151699456,240.2459908021413,248.21261126322244,229.13936456233742,233.8673858642578,2323561800,2018-03,0.006320007324218668,-0.3108512366810833,-0.027410162056075604,0.04,0.08,-0.02,-0.01,0.09,0.11,0.1,6776.184333333334
2018-04-30,126.6500015258789,129.47000122070312,124.19000244140625,124.58999633789062,148538100,6844.85986328125,9745.3203125,6575.0,9240.5498046875,143115960320,233.3341267313607,241.1104257189294,226.33100129597292,235.0760040283203,1998466500,2018-04,-0.009539745360543916,0.28955294707030577,0.005167963714119539,0.36,0.08,-0.06,0.02,0.4,0.32,0.27,6860.304
2018-05-31,123.9000015258789,125.58999633789062,121.97000122070312,123.0999984741211,136939000,9251.4697265625,9798.330078125,7090.68017578125,7494.169921875,146997609984,234.50724762517913,243.73223770732946,230.22357045055128,240.79052734375,1606397200,2018-05,-0.011959209467577336,-0.18899090635565918,0.024309258356889796,-0.42,0.13,0.03,0.09,-0.17,0.11,0.13,6860.304
2018-06-30,122.58000183105469,123.86000061035156,118.01000213623047,118.6500015258789,133529400,7500.7001953125,7753.81982421875,5835.75,6218.2998046875,91932739328,242.09689804201605,248.38016538665195,239.6845842139696,242.17527770996094,1599001000,2018-06,-0.03614944763120931,-0.1702483571213561,0.005750850672934016,0.28,0.06,-0.07,-0.04,0.23,0.15,0.17,6860.304
2018-07-31,118.18000030517578,119.7300033569336,115.12000274658203,115.98999786376953,130595500,6380.3798828125,8424.26953125,6136.419921875,7780.43994140625,103402559824,240.5951843567569,253.86086870582943,240.35413431576765,251.1470489501953,1266892500,2018-07,-0.022418909632539674,0.2512166003223537,0.03704660246525804,0.0,0.06,-0.02,-0.01,0.03,0.03,0.05,6932.91
2018-08-31,115.62999725341797,115.69999694824219,111.05999755859375,113.51000213623047,148356600,7769.0400390625,7769.0400390625,5971.0498046875,7037.580078125,100728380000,251.35237302181224,260.44015576794226,249.2097886400557,259.1637268066406,1308443700,2018-08,-0.021381117106768266,-0.09547787385747553,0.031920255045621015,0.16,0.04,-0.04,0.13,0.3,0.19,0.15,6932.91
2018-09-30,112.75,114.77999877929688,111.8499984741211,112.76000213623047,97355900,7263.0,7388.43017578125,6208.33984375,6644.1298828125,86141910000,258.74409599099647,262.9464018702623,255.94979589954426,260.7044372558594,1228103300,2018-09,-0.006607347245927042,-0.0559070292550512,0.005944930906045531,-0.02,0.08,-0.07,0.02,0.0,0.11,0.06,6932.91
2018-10-31,112.4000015258789,117.6500015258789,111.9000015258789,115.1500015258789,228476300,6619.85009765625,6965.06005859375,6236.47021484375,6317.60986328125,92249980000,261.95097325233075,262.9373822694521,233.021663057574,242.68869018554688,3024345800,2018-10,0.02119545356837582,-0.04914413554375496,-0.06910410601347594,-0.12,0.03,-0.02,-0.13,-0.24,0.02,-0.05,6972.622333333333
2018-11-30,116.33000183105469,117.06999969482422,113.41999816894531,115.54000091552734,186729200,6318.14013671875,6552.16015625,3643.919921875,4017.2685546875,118129144484,243.5585122577164,252.18532197966127,235.90920843684947,247.1903839111328,2021061200,2018-11,0.003386881324189961,-0.3641157587086258,0.018549252221618406,-0.06,0.06,0.01,0.0,0.01,-0.08,-0.2,6972.622333333333
2018-12-31,116.5999984741211,121.26000213623047,116.30000305175781,121.25,178898300,4147.32373046875,4271.79248046875,3206.542236328125,3742.700439453125,107660365100,251.3423607933411,251.44996695920716,210.8494705935896,225.4256591796875,3102780500,2018-12,0.04942010593064916,-0.0683469654808112,-0.0880484280459305,0.05,-0.01,-0.2,0.02,-0.13,-0.12,-0.18,6972.622333333333
2019-01-31,121.3499984741211,125.2300033569336,120.69000244140625,124.75,195173300,3849.21630859375,4109.02099609375,3400.81982421875,3457.792724609375,115605931061,221.87182589336606,243.96160085735715,219.78820084298331,243.47451782226562,2048691700,2019-01,0.028865979381443196,-0.07612356891843053,0.08006567978222612,-0.33,0.04,-0.03,-0.05,-0.36,-0.16,-0.16,7037.2
2019-02-28,124.88999938964844,127.20999908447266,123.19000244140625,123.98999786376953,141982900,3460.547119140625,4010.87939453125,3391.023681640625,3854.785400390625,133945064902,243.67294227059176,253.73911401196406,241.58029310865004,251.36688232421875,1371716300,2019-02,-0.006092201492829408,0.11481101020191953,0.03241556682212843,-0.2,-0.08,-0.08,-0.04,-0.4,-0.3,-0.29,7037.2
2019-03-31,123.4800033569336,125.11000061035156,121.02999877929688,122.01000213623047,168879600,3853.757080078125,4113.5009765625,3733.749755859375,4098.37451171875,207031770417,252.9544160229478,258.3628980680716,245.72050427576795,255.91673278808594,1678081300,2019-03,-0.01596899557748621,0.06319135464802805,0.018100437184874307,-0.07,0.05,0.01,-0.1,-0.1,-0.29,-0.31,7037.2
2019-04-30,122.4000015258789,123.7699966430664,119.55000305175781,121.19999694824219,124262100,4105.3623046875,5642.04443359375,4096.9013671875,5350.7265625,323951106157,257.9279137338559,266.7611619593013,257.65610799587427,266.3716735839844,1209204700,2019-04,-0.006638842503124187,0.30557286729173194,0.04085290040239675,-0.31,0.05,-0.06,-0.18,-0.51,-0.34,-0.34,7132.646
2019-05-31,121.02999877929688,123.4000015258789,119.54000091552734,123.33000183105469,140574200,5350.91455078125,9008.314453125,5347.64599609375,8574.501953125,510999032002,267.0058361095687,267.21421788028175,249.35758780379692,249.384765625,1845593200,2019-05,0.017574298155486723,0.6024930171574245,-0.06377145035892329,-0.01,0.0,0.01,0.03,0.03,-0.19,-0.19,7132.646
2019-06-30,124.08999633789062,135.5500030517578,123.9000015258789,133.1999969482422,205599200,8741.7470703125,13796.4892578125,7564.48876953125,12407.33203125,450073866629,249.4209997482472,269.0327709593848,247.40975813399285,266.7385559082031,1340435600,2019-06,0.08002914919848991,0.4470032311005674,0.06958640893605361,0.06,0.05,-0.02,-0.02,0.06,-0.14,-0.14,7132.646
2019-07-31,131.55999755859375,136.6300048828125,130.5500030517578,133.2100067138672,226367100,10796.9306640625,13129.529296875,9163.134765625,10085.6279296875,498612655453,270.0887854416464,275.1413226869023,267.94940863853105,270.7715759277344,1110102300,2019-07,7.514839229982861e-05,-0.18712355691899663,0.01511974902090718,-0.28,-0.03,0.0,-0.06,-0.38,-0.1,-0.12,7239.057
2019-08-31,132.4199981689453,145.67999267578125,132.30999755859375,143.75,322877500,10077.4423828125,12273.8212890625,9421.6298828125,9598.173828125,400364121688,270.9263283341949,273.90323054856896,256.4695338639791,266.23785400390625,2034004800,2019-08,0.0791231345612986,-0.04833155703946379,-0.016743714358844364,0.18,0.03,0.02,-0.04,0.19,-0.04,0.01,7239.057
2019-09-30,144.9600067138672,146.82000732421875,138.02999877929688,138.8699951171875,233678500,10345.7255859375,10898.76171875,7830.7587890625,8293.8681640625,343560724068,264.52643539198243,275.5054820861365,263.34293674805815,271.4182434082031,1303830000,2019-09,-0.0339478600543478,-0.1358910233778602,0.01945774925086674,-0.28,0.01,-0.05,-0.1,-0.42,-0.2,-0.14,7239.057
2019-10-31,138.07000732421875,143.25,137.8000030517578,142.42999267578125,178417600,8299.720703125,9805.1181640625,7446.98876953125,9199.5849609375,435111419390,272.30537362900554,278.53367293459115,260.48921510883815,277.4179382324219,1386748300,2019-10,0.02563546974700759,0.10920318227380199,0.022104979933848634,-0.37,-0.08,-0.04,-0.29,-0.78,-0.34,-0.26,7311.0723333333335
2019-11-30,142.2100067138672,142.89999389648438,136.19000244140625,137.86000061035156,139229300,9193.9921875,9505.0517578125,6617.1669921875,7761.24365234375,473563293982,278.8721935686714,288.530029296875,278.70754887296573,287.46002197265625,1037123500,2019-11,-0.03208588289288572,-0.15634849992701993,0.03619839367352329,0.22,-0.01,0.02,-0.01,0.22,-0.33,-0.33,7311.0723333333335
2019-12-31,137.32000732421875,143.60000610351562,137.3000030517578,142.89999389648438,121345200,7424.0361328125,7743.431640625,6540.04931640625,7193.59912109375,442370550752,287.71601415691185,297.59525244043,280.89328211483974,295.812255859375,1285175800,2019-12,0.03655877893383952,-0.073138346981103,0.029055288555962067,-0.14,-0.07,0.0,-0.14,-0.35,-0.3,-0.37,7311.0723333333335
2020-01-31,143.86000061035156,149.67999267578125,143.39999389648438,149.3300018310547,194652300,7202.55126953125,9553.1259765625,6914.99609375,9350.529296875,612910081542,297.35638267279825,306.004774181987,294.4336916748636,295.6927490234375,1392003800,2020-01,0.04499655849690343,0.29984019674608997,-0.0004039955531602857,-0.19,0.0,0.0,-0.04,-0.23,-0.12,-0.24,7242.552333333333
2020-02-29,148.66000366210938,158.52999877929688,145.8000030517578,148.3800048828125,254781400,9344.68359375,10457.626953125,8492.9326171875,8672.455078125,789584433893,297.18172944788915,311.6386914492983,262.431612691045,272.2840576171875,2110214900,2020-02,-0.006361728631845698,-0.0725172016707778,-0.07916559159316605,0.05,0.02,-0.02,0.06,0.11,-0.16,-0.21,7242.552333333333
2020-03-31,150.0,159.3699951171875,136.1199951171875,148.0500030517578,457459900,8563.2646484375,9167.6953125,4106.98095703125,6438.64453125,962897494758,274.07621495820456,288.4412988396092,201.77600897963848,238.28358459472656,5926017600,2020-03,-0.002224031676743232,-0.257575337865913,-0.12487133224032987,-1.75,-1.13,-0.69,-0.86,-4.43,-1.52,-0.32,7242.552333333333
2020-04-30,148.1999969482422,164.4199981689453,147.85000610351562,158.8000030517578,260294400,6437.3193359375,9440.650390625,6202.37353515625,8658.5537109375,853056177282,229.25145389535197,272.6093160507383,225.47959177832593,268.5416564941406,2819312300,2020-04,0.07261060302877431,0.34477896223547644,0.12698345104584985,-5.71,-8.97,-1.27,-2.26,-18.2,-7.51,-0.53,6645.148
2020-05-31,158.0,164.9600067138672,157.8000030517578,162.91000366210938,235361000,8672.7822265625,9996.7431640625,8374.3232421875,9439.1240234375,860960456585,263.76216376036905,283.6661259386108,252.3725577747012,281.3363952636719,1910460500,2020-05,0.02588161543682088,0.09015019581318562,0.04764526642372302,1.03,1.89,1.01,0.77,4.7,-5.98,-0.39,6645.148
2020-06-30,162.9199981689453,167.99000549316406,157.0399932861328,167.3699951171875,222122700,9463.60546875,10199.5654296875,8990.17578125,9137.9931640625,504614786921,280.68927958979083,298.98465932156773,274.3288585585223,286.3258056640625,2358674500,2020-06,0.02737702630176453,-0.03190241579910247,0.01773467807360829,2.48,1.98,0.48,1.37,6.31,-2.4,0.17,6645.148
2020-07-31,167.0500030517578,186.13999938964844,165.33999633789062,185.42999267578125,305156400,9145.9853515625,11415.8642578125,9036.623046875,11323.466796875,417528486912,287.4493212589986,303.84743853397254,286.98504934237536,303.1880798339844,1505145300,2020-07,0.10790463097013703,0.23916341296986676,0.05889191206784172,1.25,0.59,0.12,0.6,2.56,4.52,0.77,7228.183666666667
2020-08-31,185.0500030517578,194.4499969482422,179.0399932861328,184.8300018310547,389593200,11043.7685546875,12359.056640625,11012.4150390625,11680.8203125,499939408263,304.8595122284276,326.19746372025384,304.31167477785067,324.34967041015625,1045563300,2020-08,-0.0032356731296194763,0.03155866679660524,0.06979690820219342,0.43,0.75,0.01,0.07,1.26,3.38,0.76,7228.183666666667
2020-09-30,186.99000549316406,186.99000549316406,173.77000427246094,177.1199951171875,219862100,11679.31640625,12067.0810546875,9945.1103515625,10784.4912109375,738939158336,325.18533810046165,333.11512700499287,298.1369582837882,312.204833984375,1814712700,2020-09,-0.0417140433776253,-0.07673511599209437,-0.03744365274188044,-0.04,0.37,0.12,0.03,0.48,1.43,0.61,7228.183666666667
2020-10-31,178.7100067138672,181.30999755859375,174.8300018310547,176.1999969482422,172289000,10795.2548828125,13837.6953125,10416.689453125,13546.5224609375,775446444132,314.81510069439906,330.03890110908793,300.7473309534802,304.4204406738281,1629016100,2020-10,-0.0051942084141127776,0.2561114099846251,-0.024933609166783333,0.29,0.45,-0.02,0.21,0.94,0.89,0.59,7356.255666666667
2020-11-30,177.4499969482422,183.52999877929688,166.02999877929688,166.6699981689453,222246500,13737.0322265625,19749.263671875,13243.16015625,19625.8359375,749835969766,307.8324890136719,339.697134128335,305.07297690678973,337.5343322753906,1535244300,2020-11,-0.05408625961608993,0.44877299647143354,0.10877683354069667,0.13,0.15,-0.04,0.07,0.3,0.57,0.51,7356.255666666667
2020-12-31,169.75999450683594,178.39999389648438,169.3000030517578,178.36000061035156,177576400,19633.76953125,29244.876953125,17619.533203125,29001.720703125,879307713981,340.8066044256797,354.3273835242469,338.6530389540168,350.03948974609375,1344541500,2020-12,0.07013861264675048,0.477731740726012,0.037048549658350804,0.41,0.05,0.05,0.17,0.68,0.64,0.55,7356.255666666667
2021-01-31,181.97000122070312,183.2100067138672,170.97999572753906,172.61000061035156,210951400,32810.94921875,41946.73828125,28722.755859375,34316.38671875,1449774881035,351.3782264882775,361.2461766604668,341.5571340888975,346.47235107421875,1402265400,2021-01,-0.03223816988295236,0.18325347209665166,-0.010190674984878023,0.27,0.09,0.19,0.32,0.87,0.62,0.5,7552.2643333333335
2021-02-28,175.02000427246094,175.25999450683594,160.9499969482422,161.80999755859375,181008600,33114.578125,57533.390625,32384.228515625,46339.76171875,1692359348280,349.88966556631954,369.03563391424353,346.76264480789047,356.1062316894531,1307806200,2021-02,-0.06256881416817583,0.350368326902861,0.02780562600555303,-1.33,0.14,-0.19,-0.43,-1.81,-0.09,0.28,7552.2643333333335
2021-03-31,163.02999877929688,164.14999389648438,157.1300048828125,159.9600067138672,214111100,45159.50390625,60540.9921875,45115.09375,58918.83203125,1301853916358,361.0027141509435,373.8417775209728,348.1669984353763,372.27313232421875,2401715800,2021-03,-0.011433105943016053,0.27145306419239223,0.04539909497810801,1.09,0.38,0.6,0.23,2.3,0.45,0.35,7552.2643333333335
2021-04-30,161.55999755859375,168.38999938964844,161.27999877929688,165.66000366210938,143030700,58926.5625,64863.09765625,47714.6640625,57750.17578125,1312104940261,374.2174879144972,395.1827778873398,374.01084056155815,391.9703063964844,1462106600,2021-04,0.035633887903232075,-0.019835020649767054,0.05291054433418263,-0.03,0.07,0.03,-0.01,0.06,0.18,0.17,7789.620333333333
2021-05-31,167.61000061035156,178.61000061035156,165.5,178.3800048828125,199082500,56620.2734375,59519.35546875,30681.49609375,35697.60546875,1389347526371,393.9710262731552,397.1552027424643,379.47767540681883,394.54400634765625,1547235900,2021-05,0.07678377966625938,-0.3818615270719211,0.006566058472216252,0.34,0.18,-0.09,-0.23,0.2,0.85,0.38,7789.620333333333
2021-06-30,178.75999450683594,178.85000610351562,164.00999450683594,165.6300048828125,207522500,37293.79296875,41295.26953125,28893.62109375,35040.8359375,904212856147,396.9205008532493,404.07108849814654,390.8024727316209,403.392578125,1282152400,2021-06,-0.07147662098325525,-0.018398139668638014,0.02242733797746954,0.08,0.14,0.05,0.08,0.34,0.2,0.29,7789.620333333333
2021-07-31,166.64999389648438,171.52000427246094,165.5,169.82000732421875,145195500,35035.984375,42235.546875,29360.955078125,42235.546875,593985714426,404.1559060380634,416.3408043812597,397.6534997515137,413.2405090332031,1422104700,2021-07,0.025297363508325565,0.20532361015395661,0.024412771682555734,0.23,0.41,-0.12,0.18,0.71,0.42,0.48,7973.997
2021-08-31,169.3000030517578,171.39999389648438,160.67999267578125,169.69000244140625,165504300,39907.26171875,50482.078125,37458.00390625,47166.6875,729037972203,414.96494144690735,426.961390505125,410.96926426698684,425.5384216308594,1254001400,2021-08,-0.0007655451490135023,0.11675332722917409,0.02975969763087316,-0.06,0.18,0.04,-0.1,0.07,0.37,0.34,7973.997
2021-09-30,169.94000244140625,171.5500030517578,160.97000122070312,164.22000122070312,160613200,47099.7734375,52853.765625,39787.609375,43790.89453125,815270461467,426.48083145737115,427.8849212781439,405.3656981304132,405.7060546875,1745559600,2021-09,-0.03223525924924131,-0.07157155076344934,-0.046605349682298014,-0.33,0.22,0.01,0.05,-0.05,0.24,0.19,7973.997
2021-10-31,164.27000427246094,169.5399932861328,163.47000122070312,166.64999389648438,136138300,43816.7421875,66930.390625,43320.0234375,62227.96484375,841925237178,407.4455344069044,434.46482246353304,403.07781330339657,434.1717529296875,1508665200,2021-10,0.014797178527087285,0.42102520420867307,0.07016335574314647,0.4,0.34,0.05,0.13,0.93,0.32,0.23,8259.012666666667
2021-11-30,167.3800048828125,174.6699981689453,164.3800048828125,165.5,162163400,61320.44921875,68789.625,53569.765625,57005.42578125,794142789105,435.1644227185032,447.6814737626954,430.4374771300162,430.68328857421875,1335351500,2021-11,-0.006900653696985448,-0.08392591780260572,-0.008034756595585613,0.34,0.31,0.02,0.07,0.73,0.54,0.45,8259.012666666667
2021-12-31,166.83999633789062,171.0399932861328,163.8000030517578,170.9600067138672,151214100,56907.96484375,59041.68359375,45579.80859375,46306.4453125,695132930613,436.4313215616425,454.4342750803045,424.40594768818653,450.60150146484375,1927433900,2021-12,0.032990977123064535,-0.18768354629620299,0.04624793536002847,-0.04,0.23,-0.05,0.1,0.24,0.63,0.53,8259.012666666667
2022-01-31,168.86000061035156,173.14999389648438,166.3699951171875,168.08999633789062,211125100,47343.54296875,47510.7265625,33184.05859375,38483.125,666549617634,451.87269728644833,455.3640533135244,399.1811032003576,426.8361511230469,2485167800,2022-01,-0.016787612677039987,-0.16894668246945244,-0.05274139181635873,-0.12,0.04,0.07,0.18,0.16,0.38,0.29,8405.163666666667
2022-02-28,168.57000732421875,182.60000610351562,167.02999877929688,178.3800048828125,254601300,38481.765625,45661.171875,34459.21875,43193.234375,500371851603,427.56661454707444,434.6250920439681,389.58016817092266,414.23724365234375,2297975100,2022-02,0.061217257237826006,0.1223941500332939,-0.029516964384469713,0.26,0.39,0.0,-0.14,0.51,0.3,0.22,8405.163666666667
2022-03-31,179.0500030517578,193.3000030517578,176.69000244140625,180.64999389648438,377087100,43194.50390625,48086.8359375,37260.203125,45538.67578125,677401349530,412.72880776970567,439.73435413532684,393.8303527836148,429.8085632324219,2380929500,2022-03,0.0127255799503041,0.05430112933630005,0.03759034181182086,0.22,0.22,0.07,-0.06,0.45,0.37,0.34,8405.163666666667
2022-04-30,179.5500030517578,186.10000610351562,175.5,176.91000366210938,195348400,45554.1640625,47106.140625,37884.984375,38609.82421875,625983876132,431.3977748168988,435.6992850924023,391.3328348190379,392.08465576171875,1856757400,2022-04,-0.020702963524693363,-0.15215311915927232,-0.08776909233030727,0.01,0.04,0.09,-0.09,0.06,0.34,0.37,8601.930333333334
2022-05-31,173.61000061035156,177.61000061035156,168.00999450683594,171.13999938964844,179911400,38472.1875,39902.94921875,26350.490234375,31792.310546875,831334546850,392.1513459561276,408.89101020954047,362.1453579494886,392.9696960449219,2418478100,2022-05,-0.03261547766106776,-0.17657458457332798,0.0022572683480401867,-0.1,0.01,-0.06,-0.21,-0.36,0.05,0.14,8601.930333333334
2022-06-30,172.2100067138672,174.94000244140625,168.24000549316406,168.4600067138672,145735200,31792.5546875,31957.28515625,18729.65625,19784.7265625,684119413372,395.10145752548357,397.261682798607,346.15218096164995,360.56524658203125,1958611900,2022-06,-0.01565965107712486,-0.37768830820493093,-0.0824604283460737,-0.16,0.05,-0.02,-0.05,-0.18,-0.16,-0.12,8601.930333333334
2022-07-31,167.13999938964844,168.67999267578125,158.02999877929688,164.10000610351562,134877000,19820.470703125,24294.787109375,18999.953125,23804.6328125,666646688579,359.9058049719619,394.76287182640925,354.6299214594834,393.76885986328125,1437748400,2022-07,-0.0258815174913124,0.20318230010918303,0.09208766955773684,0.01,0.15,-0.04,0.06,0.18,-0.12,-0.08,8757.337
2022-08-31,164.97999572753906,167.97999572753906,159.25999450683594,159.27000427246094,110217900,23336.71875,25135.58984375,19600.78515625,20049.763671875,711164578681,391.0543751369848,412.635743467725,377.5684774893384,377.7022705078125,1443394400,2022-08,-0.02943328245830701,-0.1577369065173435,-0.04080208211753256,0.01,-0.07,0.06,0.17,0.17,0.06,0.14,8757.337
2022-09-30,158.1699981689453,161.6199951171875,151.02999877929688,154.6699981689453,139879400,20050.498046875,22673.8203125,18290.314453125,19431.7890625,868470349870,375.5135442426701,393.52028081977227,342.6508441744176,342.7851867675781,1998908600,2022-09,-0.028881810636775418,-0.030822039575552185,-0.09244605200092948,0.01,0.09,0.0,-0.06,0.05,0.13,0.26,8757.337
2022-10-31,155.44000244140625,161.0800018310547,151.27000427246094,151.91000366210938,118402700,19044.068359375,20938.134765625,18319.822265625,20495.7734375,740872672554,346.52804119382273,373.821921003766,334.0807416549414,370.6452941894531,2024732000,2022-10,-0.017844407703562548,0.05475483351418764,0.08127570413585361,-0.06,0.04,0.0,0.03,0.01,0.07,0.21,8911.425666666666
2022-11-30,153.82000732421875,166.22999572753906,150.57000732421875,164.80999755859375,114967900,20494.8984375,21209.560546875,15599.046875,17168.56640625,992683378375,374.4169703145076,391.25,353.92735915458303,391.25,1745985300,2022-11,0.0849186596373046,-0.16233625149087516,0.05559144047844011,-0.25,0.01,-0.1,-0.22,-0.57,-0.17,-0.05,8911.425666666666
2022-12-31,167.47999572753906,170.61000061035156,164.32000732421875,169.63999938964844,106815500,17168.001953125,18318.53125,16398.13671875,16602.5859375,411570052765,392.2960938761709,393.9467962907857,361.31794071760254,368.7029724121094,1735973600,2022-12,0.02930648566594085,-0.032966087869978566,-0.05762818552815496,-0.59,0.0,-0.06,0.15,-0.49,-0.35,-0.17,8911.425666666666
2023-01-31,171.32000732421875,181.22000122070312,169.7899932861328,179.41000366210938,118786700,16688.84765625,23789.34765625,16622.37109375,23139.283203125,467784319501,370.5732896594186,393.5094010221229,364.2680303736268,391.8897399902344,1575450100,2023-01,0.05759257431981046,0.3937156109435136,0.06288738988577647,0.35,0.1,0.17,0.05,0.66,-0.13,-0.04,9054.786333333333
2023-02-28,179.75,181.72999572753906,168.19000244140625,169.77999877929688,113802300,23137.8359375,25134.1171875,21460.087890625,23147.353515625,547674575308,390.6653090079228,403.2951186258931,379.5106117861291,382.03656005859375,1603094700,2023-02,-0.05367596391642193,0.00034877106732977836,-0.025142735127197113,-0.1,-0.08,-0.07,-0.19,-0.44,-0.09,0.0,9054.786333333333
2023-03-31,170.9499969482422,186.24000549316406,168.52000427246094,183.22000122070312,223186600,23150.9296875,29159.90234375,19628.25390625,28478.484375,698603510410,381.2171003443828,396.50167125316136,366.98687137828966,396.20166015625,2515995800,2023-03,0.07916128247166143,0.23031275933019146,0.037077865258455134,-0.19,-0.07,-0.09,-0.16,-0.51,-0.1,-0.12,9054.786333333333
2023-04-30,183.85000610351562,190.41000366210938,183.22000122070312,184.8000030517578,170988100,28183.080078125,31005.607421875,27070.849609375,29340.26171875,379947431266,395.67900979148783,402.5406321285379,390.77237667811613,402.53094482421875,1395780500,2023-04,0.008623522653246951,0.030260646332236574,0.01597490698416726,0.13,0.05,0.0,-0.13,0.06,-0.3,-0.24,9151.271666666666
2023-05-31,186.0500030517578,191.36000061035156,180.08999633789062,182.32000732421875,182184900,29227.103515625,29668.908203125,25878.4296875,27219.658203125,342932880731,402.0857920339935,408.96672191153294,390.73365211142163,404.3891296386719,1780909100,2023-05,-0.013419890078922081,-0.07227623038787756,0.00461625332995097,-0.17,-0.1,0.0,0.07,-0.2,-0.22,-0.26,9151.271666666666
2023-06-30,182.80999755859375,184.2100067138672,175.7899932861328,178.27000427246094,133968200,27218.412109375,31389.5390625,24797.16796875,30477.251953125,375047916834,404.62135138074683,431.58424202754236,403.36324230811454,430.59344482421875,1749901500,2023-06,-0.02221370606110007,0.11967798146804087,0.06479975168709617,-0.34,0.0,-0.02,-0.05,-0.41,-0.18,-0.22,9151.271666666666
2023-07-31,178.61000061035156,184.22999572753906,176.66000366210938,182.35000610351562,99844800,30624.515625,31814.515625,28934.294921875,29230.111328125,285599021137,430.2437406205391,446.29092981349305,424.55143189423796,444.68817138671875,1374698500,2023-07,0.02288664235862692,-0.04092037651288716,0.03273325855727771,0.1,-0.09,0.02,0.06,0.09,-0.17,-0.23,9322.565666666667
2023-08-31,180.85000610351562,181.3800048828125,174.92999267578125,180.02000427246094,140384300,29230.873046875,30176.796875,25409.111328125,25931.47265625,377715130805,443.2116382259376,444.1636015046727,420.61736923881205,437.46112060546875,1754892500,2023-08,-0.012777635059315506,-0.11285070504336647,-0.0162519519210802,-0.05,-0.01,-0.03,-0.08,-0.18,-0.16,-0.25,9322.565666666667
2023-09-30,180.8000030517578,181.1199951171875,171.27000427246094,171.4499969482422,122800000,25934.021484375,27488.763671875,24930.296875,26911.720703125,259407916586,440.2003820586414,440.68607216281333,411.6511228304859,416.7103576660156,1588981600,2023-09,-0.047605861131121974,0.03780148007285433,-0.047434530663509,-0.03,-0.03,-0.01,0.01,-0.05,-0.04,-0.14,9322.565666666667
2023-10-31,170.22999572753906,186.36000061035156,168.3000030517578,184.08999633789062,222528100,27976.798828125,35150.43359375,26558.3203125,34667.78125,396657157211,415.8720282161266,427.1018325299322,398.90065109022146,407.66412353515625,1999294400,2023-10,0.07372411557093361,0.28820381396030026,-0.02170868557606076,-0.33,-0.12,-0.03,-0.11,-0.6,-0.27,-0.33,9432.322333333334
2023-11-30,183.91000366210938,189.99000549316406,179.11000061035156,188.75,143757900,34657.2734375,38415.33984375,34133.44140625,37712.74609375,461557916259,408.6389571260531,446.77338386709766,408.10279562252936,444.9017639160156,1500017600,2023-11,0.02531372564947043,0.08783270039094293,0.09134392317367634,0.08,0.01,0.02,0.09,0.19,-0.15,-0.13,9432.322333333334
2023-12-31,188.80999755859375,193.17999267578125,183.14999389648438,191.1699981689453,153605600,37718.0078125,44705.515625,37629.359375,42099.40234375,543101483723,444.2875992436387,467.40629349897097,442.8644256752274,465.2138977050781,1643624300,2023-12,0.012821182352028115,0.11631760357878007,0.04565532312184062,-0.14,-0.06,0.04,0.06,-0.11,-0.17,-0.11,9432.322333333334
2024-01-31,191.44000244140625,191.88999938964844,185.4499969482422,188.4499969482422,124735600,44187.140625,48969.37109375,38521.89453125,42582.60546875,662412726857,462.1308302694638,481.1774265123715,456.522555285852,472.62310791015625,1700872500,2024-01,-0.014228180398366375,0.01147767184566062,0.015926459294591355,-0.5,-0.03,-0.09,-0.25,-0.87,-0.26,-0.14,9541.356333333333
2024-02-29,189.7100067138672,191.36000061035156,183.77999877929688,189.30999755859375,118520300,42569.76171875,63913.1328125,41879.19140625,61198.3828125,679481873402,474.3359935074309,499.2943133761358,473.52360678565867,497.28778076171875,1393307200,2024-02,0.004563548019519192,0.43716858418659976,0.052186768777821024,0.37,-0.02,0.01,0.01,0.37,-0.2,-0.15,9541.356333333333
2024-03-31,190.27000427246094,206.0500030517578,189.44000244140625,205.72000122070312,162616600,61168.0625,73750.0703125,59323.91015625,70744.953125,1133065238711,498.16871960912823,515.0619990069974,494.18517986398405,513.550048828125,1473501100,2024-03,0.08668323846462611,0.1559938330682502,0.0327019257169292,-0.1,-0.04,-0.01,-0.05,-0.19,-0.23,-0.19,9541.356333333333
2024-04-30,208.67999267578125,225.08999633789062,206.2899932861328,211.8699951171875,254338500,71333.484375,72715.359375,59120.06640625,60636.85546875,792471815914,514.2962652111693,514.8362431784628,484.871713365081,492.8439636230469,1593138700,2024-04,0.02989497307015121,-0.14288083050093903,-0.04031950781102556,-0.22,-0.05,-0.05,-0.07,-0.39,-0.07,-0.15,9672.238
2024-05-31,212.9600067138672,225.66000366210938,210.7100067138672,215.3000030517578,141706000,60609.49609375,71946.4609375,56555.29296875,67491.4140625,714798266448,492.2548745985235,523.3680334598452,490.4581351081365,517.7719116210938,1153206200,2024-05,0.016189210429127243,0.11304277803921714,0.050579797741244326,0.11,0.02,0.02,0.01,0.16,-0.14,-0.15,9672.238
2024-06-30,215.9199981689453,219.97000122070312,211.5399932861328,215.00999450683594,108735300,67753.8984375,71907.8515625,58601.69921875,60320.13671875,570705037243,519.391857928712,542.0078389927284,513.0886587497955,536.0388793945312,888367600,2024-06,-0.0013469974027457976,-0.10625466132787031,0.03527995119751748,-0.02,-0.11,-0.03,0.03,-0.13,-0.12,-0.17,9672.238
2024-07-31,215.25,229.64999389648438,214.49000549316406,226.5500030517578,138673000,62673.60546875,69987.5390625,53717.375,64619.25,733361962437,537.4277697838914,556.664069462671,529.370693001826,542.5299072265625,1038465500,2024-07,0.053671963349382734,0.07127161036280705,0.012109248193644229,-0.36,-0.07,0.03,0.05,-0.35,-0.1,-0.09,9791.638
2024-08-31,226.74000549316406,234.00999450683594,220.11000061035156,231.2899932861328,147220700,64625.83984375,65593.2421875,49121.23828125,59119.4765625,857095910974,544.2633919827645,555.7186231878466,502.59928343934064,555.2064208984375,1244599000,2024-08,0.02092249026936499,-0.08511044986594551,0.023365557369321666,0.09,-0.05,-0.04,-0.05,-0.05,-0.17,-0.21,9791.638
2024-09-30,230.3800048828125,247.3699951171875,228.52000427246094,243.05999755859375,130608100,59106.19140625,66480.6953125,52598.69921875,63329.5,690986052300,552.0445916444628,567.8068671978508,531.33072442365,566.8682250976562,1044988300,2024-09,0.050888514912532656,0.07121212301413471,0.02100444764372056,-0.23,-0.03,0.04,0.02,-0.21,-0.2,-0.18,9791.638
2024-10-31,245.1999969482422,257.7099914550781,240.6300048828125,253.50999450683594,145957700,63335.60546875,73577.2109375,58895.20703125,70215.1875,861000381596,566.5126532309621,579.07990006433,558.4803154651253,561.809814453125,976068800,2024-10,0.04299348742370923,0.10872796248193972,-0.008923433031829964,-0.3,-0.08,-0.01,-0.11,-0.5,-0.25,-0.29,9907.954666666667
2024-11-30,254.3300018310547,254.86000061035156,236.1300048828125,245.58999633789062,152567400,70216.8984375,99655.5,66803.6484375,97461.5234375,1620471627116,564.4576349818459,596.1028787945397,561.0687772961523,595.3125,901760600,2024-11,-0.031241364603207922,0.3880404924860452,0.059633499958499536,-0.1,0.04,0.01,0.0,-0.05,-0.25,-0.24,9907.954666666667
2024-12-31,244.4600067138672,251.25999450683594,238.72999572753906,242.1300048828125,115478400,97276.0078125,108268.4453125,91317.1328125,93429.203125,1658535697398,595.7274104076383,601.7541524804552,575.8640332815654,580.9891357421875,1059516700,2024-12,-0.014088486936242095,-0.04137345867660114,-0.024060244422572152,0.21,0.02,0.04,0.08,0.36,-0.06,-0.03,9907.954666666667
2025-01-31,244.22000122070312,259.989990234375,242.0500030517578,258.55999755859375,141384500,94416.2890625,107180.921875,89260.1015625,102405.0234375,1198984688454,584.2703854968423,605.4746144426255,570.352331124668,596.5924072265625,995501600,2025-01,0.06785607873643396,0.09607082167329573,0.026856391151690806,-0.17,0.07,-0.14,-0.16,-0.39,-0.03,0.07,9987.349
2025-02-28,259.75,272.32000732421875,259.5199890136719,263.2699890136719,178992600,97681.1015625,102514.171875,78248.9140625,84373.0078125,1019972722839,587.5219003161839,607.9032780036847,577.3807252129548,589.0187377929688,871641300,2025-02,0.018216241876358952,-0.17608526437187266,-0.01269488069551905,0.31,-0.03,-0.03,0.11,0.36,0.11,0.16,9987.349
2025-03-31,265.07000732421875,288.3900146484375,265.07000732421875,288.1400146484375,181005700,94248.421875,94429.75,76624.25,82548.9140625,823569192205,591.0013951605243,592.1513529367862,543.750554530121,556.1991577148438,1496591400,2025-03,0.09446585889998316,-0.021619399346929025,-0.05571907644415308,-0.02,-0.07,0.09,0.16,0.16,0.04,-0.01,9987.349
2025-04-30,288.5400085449219,317.6300048828125,272.5799865722656,303.7699890136719,354296400,82551.921875,95768.390625,74436.6796875,94207.3125,878888450532,554.270200650382,564.1833483830226,479.0517131179981,551.3768310546875,2237015100,2025-04,0.05424437277239913,0.14123018539860022,-0.00867014376643227,-0.18,-0.02,-0.03,-0.18,-0.41,0.04,-0.08,10117.967333333332
